Amplitude Correction,
Rod1 correction factors,
,
A.14.06,N9010B
544 B25 DST EA3 EXM FSA P44 PFR ,1
Frequency Unit,MHz
Antenna Unit,dBuV/m
Frequency Interpolation,Linear
DATA,
0.009,59.37243929
0.0095,59.13943929
0.01,58.93743929
0.02,57.44743929
0.05,57.07443929
0.1,57.34843929
0.2,57.56643929
0.5,57.79943929
1,58.23643929
2,58.40743929
5,58.53543929
10,58.48243929
20,58.46943929
30,58.94443929
40,59.54043929
50,61.15443929
60,62.29643929
