Amplitude Correction,
Rod120 Active correction factors,
,
A.14.06,N9010B
544 B25 DST EA3 EXM FSA P44 PFR ,1
Frequency Unit,MHz
Antenna Unit,dBuV/m
Frequency Interpolation,Linear
DATA,
0.009,17.78881437
0.0095,17.55581437
0.01,17.35381437
0.02,15.86381437
0.05,15.49081437
0.1,15.76481437
0.2,15.98281437
0.5,16.21581437
1,16.65281437
2,16.82381437
5,16.95181437
10,16.89881437
20,16.88581437
30,17.36081437
40,17.95681437
50,19.57081437
60,20.71281437
