Amplitude Correction,
Rod100 Active correction factors,
,
A.14.06,N9010B
544 B25 DST EA3 EXM FSA P44 PFR ,1
Frequency Unit,MHz
Antenna Unit,dBuV/m
Frequency Interpolation,Linear
DATA,
0.009,19.37243929
0.0095,19.13943929
0.01,18.93743929
0.02,17.44743929
0.05,17.07443929
0.1,17.34843929
0.2,17.56643929
0.5,17.79943929
1,18.23643929
2,18.40743929
5,18.53543929
10,18.48243929
20,18.46943929
30,18.94443929
40,19.54043929
50,21.15443929
60,22.29643929
